FirstName,Surname
John,Doe
Jane,Smith
Michael,Johnson
Emily,Williams
William,Brown
Olivia,Jones
James,Garcia
Emma,Miller
Benjamin,Davis
Ava,Rodriguez
Alexander,Martinez
Sophia,Hernandez
Daniel,Lopez
Isabella,Gonzalez
Matthew,Wilson
Mia,Anderson
David,Thomas
Charlotte,Taylor
Joseph,Moore
Amelia,Jackson
Samuel,Martin
Harper,Lee
Henry,Perez
Evelyn,Thompson
Sebastian,White
Abigail,Harris
Christian,Sanchez
Grace,Clark
Carter,Ramirez
Chloe,Lewis
Wyatt,Robinson
Victoria,Walker
Liam,Young
Aubrey,Allen
Owen,King
Addison,Wright
Gabriel,Scott
Natalie,Green
Julian,Baker
Aria,Adams
Jack,Nelson
Lily,Carter
Luke,Mitchell
Aaliyah,Turner
Grayson,Diaz
Layla,Evans
Isaac,Parker
Zoe,Edwards
Mason,Collins
Audrey,Reyes
Xavier,Cruz
Leah,Gomez
Lincoln,Reed
Paisley,Morales
Carson,Murphy
Savannah,Cook
Elias,Rogers
Hailey,Gutierrez
Ezra,Ortiz
Elizabeth,Morgan
Josiah,Cooper
Arianna,Howard
Easton,Ward
Kaylee,Cox
Jeremiah,Bailey
Nevaeh,Rivera
Hudson,Fernandez
Stella,Richardson
Landon,Wood
Naomi,Brooks
Jaxon,Gray
Sarah,James
Brayden,Reyes
Hannah,Hughes
Bryson,Price
Penelope,Myers
Lucas,Jenkins
Emilia,Bryant
Charles,Foster
Lila,Sanders
Caleb,Ross
Luna,Morales
Damian,Powell
Kennedy,Sullivan
Nathan,Russell
Avery,Ortiz
Ryan,Perkins
Eleanor,Ramos
Adrian,Stewart
Scarlett,Flores
Max,Stokes
Allison,Nguyen
Eli,Valdez
Camila,Patel
Jayce,Ruiz
Hazel,Crawford
Jasper,Alvarez
Brooklyn,Castillo
Chase,Hart
Autumn,Burns
Greyson,Rhodes
Sofia,Schmidt
Aiden,Williamson
Natalia,Johnston
Nolan,Cuevas
Delilah,Dunn
Ian,Marsh
Elena,Pittman
Bentley,Malone
Eliana,Hansen
Dominic,Hale
Kinsley,Ponce
Zayden,Holland
Violet,Contreras
